created_at,size_bytes,job_id,filename
2026-08-14 00:39:31.8999858950,5465352,beb9df56e190,web_beb9df56e190_20260814_003856_company.pptx
2026-08-14 01:37:17.1187831320,4023938,68ed86f6b68c,web_68ed86f6b68c_20260814_013618_company.pptx
2026-08-14 03:41:40.3239496770,3166833,1b17fdd9cd2f,web_1b17fdd9cd2f_20260814_034101_company.pptx
2026-08-19 04:34:57.8967422120,309366,3003b3e73d98,web_3003b3e73d98_20260819_043441_company.pptx
2026-08-19 05:01:34.8427925770,309820,c4944210e520,web_c4944210e520_20260819_050100_company.pptx
2026-08-19 07:33:39.8794082020,311422,b7a994725a93,web_b7a994725a93_20260819_072821_company.pptx
2026-08-20 01:55:27.2128005480,313532,bf81300b35ac,web_bf81300b35ac_20260820_015511_company.pptx
2026-08-20 03:40:00.0665349540,303416,7a96924f38be,web_7a96924f38be_20260820_033938_company.pptx
2026-08-20 12:28:54.5343056930,2915682,4bb61286da3c,web_4bb61286da3c_20260820_122759_company.pptx
2026-08-21 08:53:09.8271441840,305224,07eac548f3af,web_07eac548f3af_20260821_085249_company.pptx
2026-08-21 13:04:59.7515060210,332960,0a85053f52eb,web_0a85053f52eb_20260821_130449_company.pptx
2026-08-21 13:42:44.3797851660,3959523,b8858592cabd,web_b8858592cabd_20260821_134229_company.pptx
2026-08-21 14:59:00.7207969540,3554564,89f115cdd4b4,web_89f115cdd4b4_20260821_145837_company.pptx
2026-08-21 16:30:12.2659184110,2320205,86186d9dbeb0,web_86186d9dbeb0_20260821_163009_company.pptx
2026-08-22 00:49:04.5269994740,3571550,7fef484a45e0,web_7fef484a45e0_20260822_004845_company.pptx
2026-08-22 06:36:59.4020946670,3970836,1c8d9f142bef,web_1c8d9f142bef_20260822_063634_company.pptx
2026-08-22 07:26:21.7157897400,3512535,f0868e65cf00,web_f0868e65cf00_20260822_072556_company.pptx
2026-08-22 07:47:24.5378653650,317699,8431f574f10e,web_8431f574f10e_20260822_074709_company.pptx
2026-08-23 04:29:56.6898827560,307769,2f81130eaa51,web_2f81130eaa51_20260823_042947_company.pptx
2026-08-23 04:58:29.9411135260,308739,8f95b2091c4d,web_8f95b2091c4d_20260823_045756_company.pptx
2026-08-23 11:54:31.3518234050,4563182,9ae6ac4a8ff7,web_9ae6ac4a8ff7_20260823_115349_company.pptx
2026-08-23 14:26:33.2193147540,4154942,7828e35fe5d7,web_7828e35fe5d7_20260823_142555_company.pptx
